name,latin_name,common_name,has_content,content_length,num_sections
"ABADILLA","","Cevadilla Seed",yes,2711,9
"ABAL SERRULATA","","",yes,1621,6
"ABIES CANADENSI","Pinus canadensis","Hemlock Spruce",yes,1329,4
"ABIES NIGRA","","Black Spruce",yes,1591,6
"ABINA","","",yes,2960,11
"ABROTANUM","Southernwood","",yes,2072,8
"ABRUS PRECATORIU","Jequirity","Crab's Eye Vine",yes,499,1
"ABSINTHIUM","","Common Wormwood",yes,1437,9
"ACALYPHA INDICA","","Indian Nettle",yes,1060,3
"ACCHARUM OFFICINALE","Cane-sugar","",yes,2091,0
"ACETANILIDUM","Antifebrinum","",yes,624,3
"ACETICUM ACIDUM","","Glacial Acetic Acid",yes,2900,12
"ACONITUM NAPELLU","Monkshood","",yes,9130,21
"ACTAEA SPICATA","Baneberry","",yes,1478,6
"ADONIS VERNALI","","Pheasant's Eye",yes,1652,8
"ADRENALINUM","Adrenalin","",yes,3815,0
"AESCULUS HIPPOCASTANUM","","Horse Chestnut",yes,4118,15
"AETHIOPS MINERALI","","",yes,7435,18
"AETHUSA CYNAPIUM","","Fool's Parsley",yes,3789,17
"AGAVE AMERICANA","","Century Plant",yes,325,0
"AGNUS CASTU","","Chaste Tree",yes,1577,6
"AGRAPHIS NUTAN","Bluebell","",yes,505,0
"AILANTHUS GLANDULOSA","","Chinese Sumach",yes,1632,5
"ALETRIS FARINOSA","","",yes,1023,5
"ALFALFA","","Medicago Sativa",yes,2125,7
"ALICYLICUM ACIDUM","","",yes,1540,7
"ALIX NIGRA","Black-willow","",yes,844,4
"ALLIUM CEPA","","Red Onion",yes,2336,11
"ALLIUM SATIVUM","Garlic","",yes,1778,5
"ALNUS RUBRA","","Red Alder",yes,681,2
"ALOE SOCOTRINA","","",yes,3740,15
"ALSTONIA SCHOLARI","","Dita Bark",yes,864,1
"ALUMEN","","Common Potash Alum",yes,2380,8
"ALUMINA","Oxide et Aluminum-Argilla","",yes,5124,19
"ALUMINA SILICATA","Andalasite rock","",yes,976,4
"ALVIA OFFICINALI","","",yes,1254,2
"AMBRA GRISEA","Ambergis","",yes,3397,11
"AMBROSIA ARTEMISIAEFOLIA","Rag-Weed","",yes,677,2
"AMBUCUS NIGRA","Elder","",yes,1770,8
"AMMONIACUM GUMMI","","Gum Ammoniac",yes,881,4
"AMMONIUM BENZOICUM","Benzoate of Ammonia","",yes,525,4
"AMMONIUM BROMATUM","Bromide of Ammonia","",yes,914,4
"AMMONIUM CARBONICUM","Carbonate of Ammonia","",yes,4511,18
"AMMONIUM CAUSTICUM","Hydrate of Ammonia","Ammonia Water",yes,913,2
"AMMONIUM IODATUM","Iodide of Ammonia","",yes,324,1
"AMMONIUM MURIATICUM","","",yes,3844,15
"AMMONIUM PHOSPHORICUM","Phosphate of Ammonia","",yes,505,3
"AMMONIUM PICRICUM","Pictrate of Ammonia","",yes,308,1
"AMMONIUM VALERIANICUM","Valerianate of Ammonia","",yes,233,1
"AMPELOPSIS QUINQUEFOLIA","","Virginia Creeper",yes,367,0
"AMYGDALUS PERSICA","","Peach Tree",yes,553,0
"AMYLENUM NITROSUM","","Amyl Nitrite",yes,1851,6
"ANACARDIUM ORIENTALE","","Marking Nut",yes,4108,18
"ANAGALLIS ARVENSI","","",yes,957,4
"ANANTHERUM MURICATUM","Cuscus","East Indian Grass",yes,781,4
"ANEMOPSIS CALIFORNICA","","Yerba Mansa",yes,645,0
"ANGUINARIA CANADENSI","","Blood Root",yes,3801,11
"ANGUINARINUM NITRICUM","Nitrate of Sanguinarine","",yes,1263,4
"ANGUSTURA VERA","Bark of Galipea Cusparia","",yes,1662,6
"ANHALONIUM LEWINII","","Mescal Button",yes,1393,2
"ANICULA AQUA","Water of Sanicula Springs, Ottawa, I11","",yes,1820,9
"ANILINUM","","Coal Tar Product",yes,312,0
"ANISUM STELLATUM","Anise","Illicium",yes,746,2
"ANTHEMIS NOBILI","","Roman Chamomile",yes,693,3
"ANTHRACINUM","","Anthrax Poison",yes,1081,0
"ANTHRACOKALI","Anthracite Coal Dissolved in Boiling Caustic Potash","",yes,338,0
"ANTIMONIUM ARSENICOSUM","Arsenite of Antimony","",yes,365,0
"ANTIMONIUM CRUDUM","Black Sulphide of Antimony","",yes,5053,19
"ANTIMONIUM SULPHURATUM AURATUM","Golden Sulphuret of Antimony","",yes,681,2
"ANTIMONIUM TARTARICUM","","Tartar Emetic",yes,3895,8
"ANTIPYRINUM","Phenazone","Coal-tar Derivative",yes,1868,13
"ANTONINUM","","",yes,1158,4
"APHIS CHENOPODII GLAUCI","Plant-lice from Chenopodium","",yes,1012,5
"APIS MELLIFICA","Honey-Bee","",yes,5786,18
"APIUM GRAVEOLEN","","Common Celery",yes,1249,6
"APOCYNUM ANDROSAEMIFOLIUM","Dogbane","",yes,469,1
"APOCYNUM CANNABINUM","","Indian Hemp",yes,2682,9
"APOMORPHINUM","Alkaloid from Decomposition of Morphine by Hydrochloric Acid","",yes,1007,0
"APONARIA OFFICINALI","","",yes,1501,5
"AQUILEGIA VULGARI","Columbine","",yes,359,1
"ARAGALLUS LAMBERTI","","White Loco Weed",yes,1050,5
"ARALIA RACEMOSA","","American Spikenard",yes,1237,2
"ARANEA DIADEMA","","Papal-Cross Spider",yes,2496,8
"ARBUTUS ANDRACHNE","","",yes,294,0
"ARCOLACTICUM ACIDUM","","",yes,1281,2
"ARECA CATECHU","","Betel Nut",yes,339,0
"ARGEMONE MEXICANA","","Prickly Poppy",yes,655,5
"ARGENTUM METALLICUM","","",yes,2510,8
"ARGENTUM NITRICUM","Nitrate of Silver","",yes,6870,19
"ARISTOLOCHIA MILHOMEN","","Brazilian Snake Root",yes,541,0
"ARNICA MONTANA","","Leopard's Bane",yes,5664,18
"AROTHAMNUS SCOPARIU","Broom","",yes,2249,3
"ARRACENIA PURPUREA","Pitcher-plant","",yes,791,5
"ARSAPARILLA OFFICINALI","","",yes,2716,9
"ARSENICUM ALBUM","","Arsenious Acid",yes,8873,21
"ARSENICUM BROMATUM","Bromide of Arsenic","",yes,468,1
"ARSENICUM HYDROGENISATUM","","Arseniuretted Hydrogen",yes,652,2
"ARSENICUM IODATUM","Iodide of Arsenic","",yes,3445,7
"ARSENICUM METALLICUM","","Metallic Arsenic",yes,819,4
"ARSENICUM SULPHURATUM FLAVUM","Y ellow Sulphuret of Arsenic","Orpiment",yes,510,0
"ARTEMISIA VULGARI","Mugwort","",yes,827,4
"ARUM DRACONTIUM","","Green Dragon",yes,643,4
"ARUM TRIPHYLLUM","Jack-in-the-Pulpit","",yes,1546,6
"ARUNDO MAURITANICA","Reed","",yes,1499,13
"ASA FOETIDA","Gum of the Stinkasand","",yes,2601,10
"ASARUM EUROPAEUM","","European Snake-root",yes,1769,10
"ASCLEPIAS CORNUTI","","",yes,808,1
"ASCLEPIAS TUBEROSA","Pleurisy-root","",yes,1350,4
"ASIMINA TRILOBA","","American Papaw",yes,362,0
"ASPARAGUS OFFICINALI","","Common Garden Asparagus",yes,1105,4
"ASTACUS FLUVIATILI","Crawfish","Cancer Astacus",yes,483,2
"ASTERIAS RUBEN","","Red Starfish",yes,1909,6
"ASTRAGALUS MOLLISSIMU","Purple or Woolly Loco-weed","",yes,949,3
"AURUM METALLICUM","Gold","",yes,6144,18
"AURUM MURIATICUM NATRONATUM","","",yes,858,1
"AVENA SATIVA","","Common Oat",yes,1131,5
"AZADIRACHTA INDICA","","Margosa Bark",yes,505,2
"BACILLINUM BURNETT","Maceration of a Typical Tuberculous Lung introduced by Dr. Burnett","",yes,2230,4
"BADIAGA","","Fresh-water Sponge",yes,1659,8
"BALSAMUM PERUVIANUM","Peruvian Balsam from Myroxylon Pereiræ","",yes,1194,4
"BAPTISIA TINCTORIA","","Wild Indigo",yes,3971,12
"BAROSMA CRENULATUM","Buchu","",yes,267,0
"BARYTA ACETICA","Acetate of Barium","",yes,414,3
"BARYTA CARBONICA","Carbonate of Baryta","",yes,5080,19
"BARYTA IODATA","Iodide of Baryta","",yes,362,0
"BARYTA MURIATICA","","Barium Chloride",yes,2763,6
"BELLADONNA","","Deadly Nightshade",yes,9667,20
"BELLIS PERENNI","Daisy","",yes,2189,6
"BENZOICUM ACIDUM","","Benzoic Acid",yes,2387,14
"BENZOLUM","","Benzol, C6, H6",yes,2694,6
"BERBERIS AQUIFOLIUM","","Mountain Grape",yes,842,5
"BERBERIS VULGARI","Barberry","",yes,4846,15
"BETA VULGARI","Beet-root","",yes,253,0
"BISMUTHUM SUBNITRICUM","Precipitated Sub-Nitrate of Bismuth","",yes,1974,8
"BLATTA AMERICANA","Cockroach","",yes,154,0
"BLATTA ORIENTALI","","Indian Cockroach",yes,402,0
"BOLETUS LARICI","","White Agaric",yes,1018,3
"BORAX VENETA","Borate of Sodium","",yes,4186,14
"BORICUM ACIDUM","","Boracic Acid",yes,1036,2
"BOTHROPS LANCEOLATU","Y ellow Viper","",yes,1552,5
"BOTULINUM","Toxin of Bacillus Botulinum","",yes,432,0
"BOVISTA LYCOPERDON","Puff-Ball","",yes,2303,8
"BRACHYGLOTTIS REPEN","Puka-Puka","",yes,692,3
"BROMIUM","Bromine","",yes,3727,9
"BRYONIA ALBA","","Wild Hops",yes,5874,18
"BUFO RANA","Poison of the Toad","",yes,2342,9
"BUTYRICUM ACIDUM","","Butyric Acid",yes,915,5
"CACTUS GRANDIFLORU","","Night-blooming Cereus",yes,3899,13
"CADMIUM SULPHURATUM","","Cadmic Sulphate",yes,2555,13
"CAINCA","Chiococca - Brazilian Plant","",yes,642,3
"CAJUPUTUM","","Cajuput Oil",yes,813,4
"CALADIUM SEGUINUM","","American Arum",yes,1784,6
"CALCAREA ACETICA","Acetate of Lime","",yes,675,3
"CALCAREA ARSENICOSA","Arsenite of Lime","",yes,1573,8
"CALCAREA CARBONICA","Carbonate of Lime","",yes,10532,21
"CALCAREA FLUORICA","Fluoride of Lime","Fluor Spar",yes,4533,13
"CALCAREA IODATA","Iodide of Lime","",yes,1159,4
"CALCAREA PHOSPHORICA","Phosphate of Lime","",yes,4134,11
"CALCAREA SILICATA","","",yes,1256,6
"CALCAREA SULPHURICA","","",yes,2306,14
"CALENDULA OFFICINALI","Marigold","",yes,2315,9
"CALOTROPIS GIGANTEA","","Madar Bark",yes,736,0
"CALTHA PALUSTRI","Cowslip","",yes,271,1
"CAMPHORA","Camphor","",yes,3906,12
"CAMPHORA BROMATA","Mono-bromide of Camphor","",yes,408,1
"CANCHALAGUA","Erythraea venusta","Centaury",yes,734,3
"CANNABIS INDICA","Hashish","",yes,4034,14
"CANNABIS SATIVA","Hemp","",yes,2120,8
"CANTHARIS VESICATORIA","","",yes,5763,18
"CAPSICUM ANNUUM","","Cayenne Pepper",yes,3637,13
"CARBO ANIMALI","","Animal Charcoal",yes,2817,7
"CARBO VEGETABILI","","Vegetable Charcoal",yes,6337,15
"CARBOLICUM ACIDUM","Phenol","Carbolic Acid",yes,3220,9
"CARBONEUM HYDROGENISATUM","","Carburetted Hydrogen",yes,326,2
"CARBONEUM OXYGENISATUM","","Carbonous Oxide",yes,695,4
"CARBONEUM SULPHURATUM","","Alcohol Sulphuris",yes,2690,9
"CARCINOSINUM","Nosode from Carcinoma","",yes,559,0
"CARDUUS MARIANU","","",yes,2169,9
"CARLSBAD AQUA","Waters of the Sprudel Springs","",yes,966,6
"CASCARA SAGRADA","","",yes,701,2
"CASCARILLA","","",yes,492,2
"CASTANEA VESCA","","Chestnut Leaves",yes,410,0
"CASTOR EQUI","Rudimentary Thumb-nail of the Horse","",yes,568,1
"CASTOREUM CANADENSE","Beaver","",yes,787,2
"CATARIA NEPETA","Catnip","",yes,222,0
"CAULOPHYLLUM THALICTROIDE","","Blue Cohosh",yes,1247,4
"CAUSTICUM","Hahnemann's Tinctura acris sine Kali","",yes,5063,16
"CEANOTHUS AMERICANU","","New Jersey Tea",yes,1374,3
"CEDRON","","Rattlesnake Bean",yes,1358,4
"CENCHRIS CONTORTRIX","","Copperhead Snake",yes,1067,3
"CEREUS BONPLANDII","","Night-blooming Cereus",yes,1118,5
"CERIUM OXALICUM","Oxalate of Cerium","",yes,460,0
"CHAMOMILLA","","German Chamomile",yes,3863,16
"CHAPARRO AMARGOSO","Goat-bush","",yes,190,0
"CHELIDONIUM MAJU","Celandine","",yes,3888,13
"CHELONE GLABRA","","",yes,392,0
"CHENOPODIUM ANTHELMINTICUM","","Jerusalem Oak",yes,906,3
"CHIMAPHILA UMBELLATA","Pipsissewa","",yes,1910,7
"CHINA OFFICINALI","","Peruvian Bark-China",yes,5398,19
"CHININUM ARSENICOSUM","Arsenite of Quinine","",yes,2013,8
"CHININUM SULPHURICUM","","",yes,2232,6
"CHIONANTHUS VIRGINICA","Fringe-tree","",yes,1461,4
"CHLORALUM HYDRATUM","","Chloral Hydrate",yes,2071,5
"CHLOROFORMIUM","Chloroform","",yes,1087,1
"CHLORUM","Chlorine Gas in Water","",yes,888,2
"CHOLESTERINUM","Cholesterine––The proximate principle","",yes,1274,0
"CHROMICUM ACIDUM","","Chromic Acid",yes,1112,4
"CHRYSAROBINUM","","Goa Powder",yes,1089,2
"CICUTA VIROSA","","Water Hemlock",yes,3267,11
"CIMEX LECTULARIU","Bedbug","",yes,870,3
"CIMICIFUGA RACEMOSA","","Black Snake-root",yes,3547,10
"CINA MARITIMA","Worm-seed","",yes,3949,15
"CINERARIA MARITIMA","","Dusty Miller",yes,333,0
"CINNABARI","","Mercuric Sulphide",yes,1418,8
"CINNAMOMUM CEYLANICUM","Cinnamon","",yes,899,1
"CISTUS CANADENSI","","Rock Rose",yes,2404,12
"CITRUS VULGARI","","Bitter Orange",yes,1104,0
"CLEMATIS ERECTA","","Virgin's Bower",yes,2382,8
"COBALTUM METALLICUM","Cobalt","",yes,1221,10
"COCA","Erythroxylon coca","",yes,1745,7
"COCAINUM HYDROCHLORICUM","Alkaloid from Erythroxylon Coca","",yes,1503,7
"COCCINELLA SEPTEMPUNCTATA","","Lady Bug",yes,725,3
"COCCULUS INDICU","","Indian Cockle",yes,4174,11
"COCCUS CACTI","Cochineal","",yes,1812,6
"COCHLEARIA ARMORACIA","Horse-radish","",yes,1468,6
"CODEINUM","Alkaloid from Opium","",yes,635,4
"COFFEA CRUDA","","Unroasted Coffee",yes,3818,10
"COLCHICUM AUTUMNALE","","Meadow Saffron",yes,3763,13
"COLLINSONIA CANADENSI","","",yes,1919,5
"COLOCYNTHI","","Bitter Cucumber",yes,3859,9
"COMOCLADIA DENTATA","Guao","",yes,1001,4
"CONIUM MACULATUM","","Poison Hemlock",yes,5438,15
"CONVALLARIA MAJALI","Lily of the Valley","",yes,2078,8
"COPAIVA OFFICINALI","Balsam of Copaiva","",yes,2004,9
"CORALLIUM RUBRUM","","Red Coral",yes,2115,6
"CORALLORHIZA ODONTORHIZA","","Crawley Root",yes,204,0
"CORNUS CIRCINATA","","Round-leaved Dogwood",yes,1155,3
"CORYDALIS FORMOSA","Turkey-pea","",yes,412,1
"COTYLEDON UMBILICU","Pennywort","",yes,922,2
"CRATAEGUS OXYACANTHA","","Hawthorn Berries",yes,1946,5
"CROCUS SATIVU","","",yes,2640,9
"CROPHULARIA NODOSA","","Knotted Figwort",yes,1314,7
"CROTALUS HORRIDU","Rattlesnake","",yes,5046,19
"CROTON TIGLIUM","","Croton-oil Seed",yes,2056,6
"CUBEBA OFFICINALI","Cubebs","",yes,598,2
"CUCURBITA CITRULLU","","",yes,90,0
"CUCURBITA PEPO","","Pumpkin Seed",yes,547,0
"CUNDURANGO","","Condor Plant",yes,1017,2
"CUPHEA VISCOSISIMA","Flux-weed","",yes,510,0
"CUPRUM ACETICUM","Acetate of Copper","",yes,1236,5
"CUPRUM ARSENICOSUM","Arsenite of Copper","",yes,1670,8
"CUPRUM METALLICUM","Copper","",yes,4023,14
"CURARE","Arrow-poison","",yes,1856,10
"CUTELLARIA LATERIFOLIA","","",yes,1239,6
"CYCLAMEN EUROPAEUM","","",yes,2135,7
"CYPRIPEDIUM PUBESCEN","","Yellow Lady's Slipper",yes,719,1
"CYTISUS LABURNUM","Laburnum","",yes,905,3
"DAMIANA","Turnera","",yes,325,0
"DAPHNE INDICA","","",yes,960,4
"DIGITALIS PURPUREA","Foxglove","",yes,7226,15
"DIOSCOREA VILLOSA","","Wild Yam",yes,2584,10
"DIOSMA LINCARI","Buku - from Cape of Good Hope","",yes,1481,0
"DIPHTHERINUM","","Potentized Diphtheritic Virus",yes,710,0
"DOLICHOS PRURIEN","Cowhage","Mucuna",yes,868,3
"DORYPHORA DECEMLINEATA","","Colorado Potato-bug",yes,532,1
"DROSERA ROTUNDIFOLIA","","",yes,2255,4
"DUBOISIA MYOPOROIDE","","Corkwood Elm",yes,1468,5
"DULCAMARA","Bitter-sweet","",yes,4646,16
"ECALE CORNUTUM","Ergot","",yes,5162,14
"ECHINACEA ANGUSTIFOLIA","","Purple Cone-flower",yes,2453,11
"EDUM ACRE","","",yes,458,0
"ELAPS CORALLINU","Coral-snake","",yes,3134,13
"ELATERIUM OFFICINARUM","","",yes,1318,5
"ELENIUM METALLICUM","","",yes,2446,10
"EMPERVIVUM TECTORUM","Houseleek","",yes,911,2
"ENECIO AUREU","","Golden Ragwort",yes,2080,11
"ENEGA","","",yes,2255,8
"ENNA","","Cassia Acutifolia",yes,927,2
"EOSINUM","Eosin","",yes,427,0
"EPIA OFFICINALI","Inky Juice of Cuttlefish","",yes,6602,19
"EPIGEA REPEN","","Trailing Arbutus",yes,460,0
"EPIPHEGUS VIRGINIANA","Beechdrop","Orobanche",yes,777,1
"EQUISETUM HYEMALE","","",yes,1165,1
"ERECHTHITES HIERACIFOLIA","Fire-weed","",yes,347,1
"ERIGERON CANADENSE","Fleabane","",yes,998,1
"ERIODYCTION CALIFORNICUM","","Yerba Santa",yes,873,3
"ERUM ANGUILLAE","","Eel Serum",yes,2712,0
"ERYNGIUM AQUATICUM","","Button Snake-root",yes,797,3
"ESCHSCHOLTZIA CALIFORNICA","","California Poppy",yes,296,0
"EUCALYPTUS GLOBULU","","Blue Gum-tree",yes,3876,11
"EUGENIA JAMBO","Rose-apple","",yes,612,2
"EUONYMUS ATROPURPUREA","Wahoo","Burning Bush",yes,1573,7
"EUPATORIUM AROMATICUM","Pool-root","",yes,437,0
"EUPATORIUM PERFOLIATUM","Thoroughwort","",yes,2371,7
"EUPATORIUM PURPUREUM","Queen of the Meadow","",yes,991,5
"EUPHORBIA LATHYRI","Gopher-Plant","Caper Spurge",yes,2756,14
"EUPHORBIA POLYCARPA","Golondrina","",yes,849,0
"EUPHORBIUM OFFICINARUM","","",yes,2524,7
"EUPHRASIA OFFICINALI","Eyebright","",yes,2281,12
"EUPIONUM","Wood-tar distillation","",yes,1101,4
"FABIANA IMBRICATA","Pichi","",yes,579,0
"FAGOPYRUM ESCULENTUM","Buckwheat","",yes,1972,9
"FEL TAURI","Ox-gall","",yes,624,1
"FERRUM IODATUM","Iodide of Iron","",yes,1211,6
"FERRUM MAGNETICUM","Loadstone","",yes,428,2
"FERRUM METALLICUM","Iron","",yes,5160,15
"FERRUM PHOSPHORICUM","Phosphate of Iron","",yes,3553,15
"FERRUM PICRICUM","Picrate of Iron","",yes,1106,4
"FICUS RELIGIOSA","Ashwathya","",yes,453,3
"FILIX MA","","Male Fern",yes,812,2
"FLUORICUM ACIDUM","","Hydrofluoric Acid",yes,2962,14
"FORMALINUM","Aqueous Solution (35 per cent) of Formaldehyde Gas","",yes,2000,9
"FORMICA RUFA","","Crushed Live Ants",yes,5867,8
"FRAGARIA VESCA","Wood-strawberry","",yes,583,2
"FRANCISCEA UNIFLORA","Manaca","",yes,349,0
"FRAXINUS AMERICANA","","White Ash",yes,954,3
"FUCHSINUM","Coloring Substance Used in Adulteration of Wine","Magenta",yes,323,0
"FUCUS VESICULOSU","","",yes,364,0
"FULIGO LIGNI","","",yes,386,0
"GALANTHUS NIVALI","","",yes,489,0
"GALIUM APARINE","Goose-Grass","",yes,437,0
"GALLICUM ACIDUM","","Gallic Acid",yes,1006,5
"GAMBOGIA","","Gummi Gutti",yes,1273,1
"GAULTHERIA PROCUMBEN","Wintergreen","",yes,846,3
"GELSEMIUM SEMPERVIREN","","Yellow Jasmine",yes,6548,19
"GENTIANA LUTEA","Y ellow Gentian","",yes,867,3
"GERANIUM MACULATUM","Crane's-bill","",yes,1077,5
"GETTYSBURG WATER","Stringy mucus from throat and posterior nares. Rawness. Neck muscles rigid.","",yes,708,0
"GINSENG QUINQUEFOLIUM","","Aralia Quinquefolia",yes,1232,5
"GLONOINUM","GL = Glycerin; O = Oxygen; N = Nitrogen","Nitro-glycerine Spirits",yes,3482,11
"GLYCERINUM","Glycerine","",yes,1148,7
"GNAPHALIUM POLYCEPHALUM","Cud-weed","Old Balsa",yes,1117,5
"GOSSYPIUM HERBACEUM","Cotton-plant","",yes,1044,3
"GRANATUM","Pomegranate","",yes,1030,6
"GRAPHITE","","Black Lead-Plumbago",yes,5635,16
"GRATIOLA OFFICINALI","","Hedge Hyssop",yes,1144,5
"GRINDELIA ROBUSTA","Rosin-wood","",yes,2278,3
"GUACO","Mikania","Climbing Hemp Weed",yes,1186,5
"GUAJACUM OFFICINALE","Resin of Lignum Vitæ","",yes,2402,11
"GUARANA","Guarana","",yes,612,3
"GUAREA TRICHILOIDE","Ballwood","",yes,475,3
"GYMNOCLADUS CANADENSI","","American Coffee-tree",yes,571,2
"HAEMATOXYLON CAMPECHIANUM","Logwood","",yes,712,4
"HAMAMELIS VIRGINIANA","Witch-hazel","",yes,2652,13
"HECLA LAVA","Lava Scoriæ from Mt. Hecla","",yes,762,1
"HEDEOMA PULEGIOIDE","Pennyroyal","",yes,1554,6
"HELIANTHUS ANNUU","","",yes,437,0
"HELLEBORUS NIGER","","",yes,2709,13
"HELODERMA","","Gila Monster",yes,1813,7
"HELONIAS DIOICA","Unicorn-root","Chamaelirium",yes,2380,6
"HEPAR SULPHUR","","Hahnemann's Calcium Sulphide",yes,6417,18
"HEPATICA TRILOBA","Liver-Wort","",yes,368,0
"HERACLEUM SPHONDYLIUM","Hogweed","",yes,430,2
"HIPPOMANE","Meconium Deposit out of the Amniotic Fluid taken from the Colt","",yes,450,3
"HIPPOZAENINUM","Gladerine-mallein-Farcine","",yes,1185,4
"HIPPURICUM ACIDUM","Proved by Dr. Wm. B. Griggs","",yes,935,6
"HOMARU","Digestive Fluid of Live Lobster","",yes,475,0
"HURA BRASILIENSI","Assacu","",yes,417,0
"HYDRANGEA ARBORESCEN","","",yes,969,1
"HYDRASTIS CANADENSI","","Golden Seal",yes,4395,15
"HYDROCOTYLE ASIATICA","","Indian Pennywort",yes,1343,3
"HYDROCYANICUM ACIDUM","","Prussic Acid",yes,1539,7
"HYOSCYAMUS NIGER","Henbane","",yes,3902,14
"HYPERICUM PERFORATUM","","",yes,2598,8
"IBERIS AMARA","","Bitter Candytuft",yes,1456,4
"ICHTHYOLUM","Combination of Sulphonated Hydrocarbons","",yes,1923,13
"ICTODES FOETIDA","","",yes,820,3
"IGNATIA AMARA","","",yes,4060,16
"ILEX AQUIFOLIUM","","American Holly",yes,914,0
"ILICEA TERRA","","",yes,8164,20
"ILPHIUM LACINATUM","Rosin-weed","",yes,1033,1
"INAPIS NIGRA","","Black Mustard",yes,1596,7
"INDIGO TINCTORIA","Indigo","Dye-stuff",yes,1478,7
"INDIUM METALLICUM","Indium","",yes,855,5
"INDOLUM","Crystalline Compound Derivable from Indigo","",yes,680,4
"INSULINUM","Active principle from the pancreas which affects sugar metabolism","",yes,529,0
"INULA HELENIUM","","",yes,1190,6
"IODIUM","Iodine","",yes,6011,17
"IODOFORMIUM","Iodoform","",yes,1200,5
"IPECACUANHA","Ipecac-root","",yes,4078,13
"IRIDIUM METALLICUM","Iridium","",yes,1185,2
"IRIS VERSICOLOR","","Blue Flag",yes,2441,8
"JABORANDI","Jaborandi","",yes,2826,9
"JACARANDA CAROBA","","Brazilian Caroba-tree",yes,954,5
"JALAPA","Jalap","",yes,578,1
"JATROPHA CURCA","","Purging Nut",yes,1078,4
"JOANESIA ASOCA","Bark of an Indian Tree, introduced by Dr. ND Ray, Calcutta","",yes,670,4
"JUGLANS CINEREA","Butternut","",yes,1508,7
"JUGLANS REGIA","Walnut","",yes,487,3
"JUNCUS EFFUSU","","Common Rush",yes,229,0
"JUNIPERUS COMMUNI","","Juniper Berries",yes,852,2
"JUSTICIA ADHATODA","","",yes,856,3
"KALIUM ARSENICOSUM","","Fowler's Solution",yes,721,2
"KALIUM BICHROMICUM","Bichromate of Potash","",yes,6080,18
"KALIUM BROMATUM","Bromide of Potash","",yes,2683,12
"KALIUM CARBONICUM","Carbonate of Potassium","",yes,7393,19
"KALIUM CHLORICUM","Chlorate of Potassium - K clo. 3","",yes,958,5
"KALIUM CYANATUM","","Potassium Cyanide",yes,648,2
"KALIUM IODATUM","Iodide of Potassium","",yes,4422,9
"KALIUM MURIATICUM","Cloride of Potassium - KCl","",yes,3158,12
"KALIUM NITRICUM","Nitrate of Potassium","",yes,2338,9
"KALIUM PERMANGANATUM","Permanganate of Potassium","",yes,1848,2
"KALIUM PHOSPHORICUM","Phosphate of Potassium","",yes,4025,15
"KALIUM SILICICUM","","",yes,715,2
"KALIUM SULPHURICUM","","Potassium Sulphate",yes,2065,12
"KALMIA LATIFOLIA","","Mountain Laurel",yes,2679,10
"KAOLINUM","Bolus alba","China Clay",yes,336,2
"KATOLUM","","",yes,852,4
"KOLA","Kola-nut","",yes,449,0
"KOOKUM CHUCK AQUA","Chuck-Water and Skookum-Strong (Salts from Water from Medical Lake near","",yes,475,0
"KOUSSO","","Hagenia Abyssinica",yes,453,0
"KREOSOTUM","","Beechwood Kreosote",yes,4156,16
"LAC CANINUM","","Dog's Milk",yes,2740,8
"LAC VACCINUM DEFLORATUM","","Skimmed Milk",yes,664,2
"LACHESIS MUTU","Bushmaster or Surucucu","",yes,6520,20
"LACHNANTHES TINCTORIA","","",yes,1137,5
"LACTICUM ACIDUM","","Lactic Acid",yes,1047,5
"LACTUCA VIROSA","","Acrid Lettuce",yes,1684,7
"LAMIUM ALBUM","","White Nettle",yes,397,0
"LAPIS ALBU","","",yes,974,3
"LAPPA ARCTIUM","Burdock","",yes,642,2
"LATHYRUS SATIVU","Chick-pea","",yes,1633,4
"LATRODECTUS MACTAN","","",yes,1614,5
"LAUROCERASU","Cherry-laurel","",yes,1301,5
"LECITHINUM","A Phosphorus-containing Complex Organic Body prepared from the yolk of egg and","",yes,1217,6
"LEDUM PALUSTRE","Marsh-Tea","",yes,2533,9
"LEMNA MINOR","Duckweed","",yes,721,3
"LEPIDIUM BONARIENSE","Cress","Brazilian Cress",yes,488,0
"LEPTANDRA VIRGINICA","","Culver's Root",yes,711,3
"LIATRIS SPICATA","","Colic Root",yes,466,0
"LILIUM TIGRINUM","Tiger-lily","",yes,2983,12
"LIMULUS CYCLOP","Horse-foot-King-crab","Xiphosura",yes,1353,6
"LINARIA VULGARI","","Toad-flax-Snap Dragon",yes,426,0
"LINUM USITATISIMUM","","Common Flax",yes,688,0
"LITHIUM CARBONICUM","Carbonate of Lithium","",yes,2583,8
"LOBELIA INFLATA","","Indian Tobacco",yes,3390,9
"LOBELIA PURPURASCEN","","Purple Lobelia",yes,753,3
"LOLEUM TEMULENTUM","Darnel","",yes,603,3
"LONICERA XYLOSTEUM","Fly-woodbine","",yes,506,2
"LUPULUS HUMULU","Hops","",yes,907,4
"LYCOPERSICUM ESCULENTUM","Tomato","",yes,1551,7
"LYCOPODIUM CLAVATUM","","Club Moss",yes,8815,21
"LYCOPUS VIRGINICU","Bugle-weed","",yes,1636,8
"LYSSINUM","Lyssin","",yes,1482,6
"MAGNESIUM CARBONICUM","Carbonate of Magnesia","",yes,3332,13
"MAGNESIUM MURIATICUM","Muriate of Magnesia","",yes,2749,10
"MAGNESIUM PHOSPHORICUM","Phosphate of Magnesia","",yes,2865,13
"MAGNESIUM SULPHURICUM","","Epsom Salt",yes,3437,7
"MAGNOLIA GRANDIFLORA","Magnolia","",yes,996,2
"MALANDRINUM","Grease in Horses","",yes,427,1
"MANCINELLA","Hippomane","Manganeel Apple",yes,1158,7
"MANGANUM ACETICUM","","Manganese Acetate",yes,3907,9
"MANGIFERA INDICA","","Mango Tree",yes,617,1
"MEDORRHINUM","","Gonorrhœal Virus",yes,4157,18
"MEDUSA","Jelly-fish","",yes,404,2
"MEL CUM SALE","Honey with Salt","",yes,453,0
"MELILOTUS OFFICINALI","Y ellow Melilot","",yes,1961,8
"MENISPERMUM CANADENSE","Moonseed","",yes,458,2
"MENTHA PIPERITA","Peppermint","",yes,944,2
"MENTHOLUM","Menthol","",yes,1010,3
"MENYANTHES TRIFOLIATA","Buck-bean","",yes,1101,5
"MEPHITIS PUTORIU","","",yes,1255,5
"MERCURIALIS PERENNI","","Dog's Mercury",yes,695,3
"MERCURIUS CORROSIVU","","Corrosive Sublimate",yes,3500,14
"MERCURIUS CYANATU","Cyanide of Mercury","",yes,1866,7
"MERCURIUS DULCI","Calomel","",yes,1483,5
"MERCURIUS IODATUS FLAVU","Proto-iodide of Mercury","",yes,797,1
"MERCURIUS IODATUS RUBER","Bin-iodide of Mercury","",yes,995,4
"MERCURIUS SOLUBILI","Quicksilver","Hydrargyrum",yes,8847,19
"MERCURIUS SULPHURICU","Drarg","Oxyd",yes,522,0
"METHYLENUM COERULEUM","","Aniline Dye",yes,658,0
"MEZEREUM","","",yes,3418,14
"MICROMERIA DOUGLASII","","Yerba Buena",yes,266,1
"MILLEFOLIUM","Yarrow","",yes,1101,5
"MITCHELLA REPEN","Partridge-berry","",yes,357,2
"MOMORDICA BALSAMICA","","Balsam Apple",yes,773,3
"MORPHINUM","Alkaloid of Opium","",yes,3198,20
"MOSCHU","Musk","",yes,2015,8
"MUREX PURPUREA","","Purple Fish",yes,1293,4
"MURIATICUM ACIDUM","","Muriatic Acid",yes,2362,14
"MYGALE LASIODORA","","Black Cuban Spider",yes,956,5
"MYOSOTIS SYMPHYTIFOLIA","Forget-me-not","",yes,304,1
"MYRICA CERIFERA","Bayberry","",yes,1819,12
"MYRISTICA SEBIFERA","","Brazilian Ucuba",yes,599,0
"MYRTUS COMMUNI","Myrtle","",yes,615,1
"NAJA TRIPUDIAN","Virus of the Cobra","",yes,3183,7
"NAPHTHALINUM","Chemical compound from Coal-tar","Tar Camphor",yes,1613,5
"NARCISSUS PSEUDONARCISSU","Daffodil","",yes,915,1
"NATRIUM ARSENICOSUM","Arseniate of Sodium","",yes,1347,6
"NATRIUM CARBONICUM","Carbonate of Sodium","",yes,3454,10
"NATRIUM HYPOCHLOROSUM","","Labarraque's Solution",yes,1372,6
"NATRIUM MURIATICUM","Chloride of Sodium","",yes,7671,19
"NATRIUM NITRICUM","Nitrate of Sodium","",yes,857,4
"NATRIUM PHOSPHORICUM","Phosphate of Sodium","",yes,3171,13
"NATRIUM SALICYLICUM","","",yes,1847,5
"NATRIUM SULPHURICUM","","",yes,5277,16
"NICCOLUM METALLICUM","Nickel","",yes,1426,6
"NICCOLUM SULPHURICUM","","",yes,830,3
"NITRI SPIRITUS DULCI","","",yes,823,2
"NITRICUM ACIDUM","","Nitric Acid",yes,4523,15
"NITROMURIATICUM ACIDUM","","Aqua Regia",yes,861,4
"NUPHAR LUTEUM","","Yellow Pond-lily",yes,669,2
"NUX MOSCHATA","Nutmeg","",yes,2941,13
"NUX VOMICA","Poison-nut","",yes,8715,19
"NYCTANTHES ARBOR TRISTI","","Paghala-malli-Sad Tree",yes,471,4
"OCIMUM CANUM","","Brazilian Alfavaca",yes,777,3
"OENANTHE CROCATA","","Water Dropwart",yes,937,3
"OLANUM NIGRUM","","Black Nightshade",yes,2024,5
"OLEANDER","Rose-laurel","",yes,2287,9
"OLEUM ANIMALE AETHEREUM","","Dippel's Animal Oil",yes,2047,13
"OLEUM JECORIS ASELLI","","Cod-liver Oil",yes,1251,3
"OLEUM SANTALI","Oil of Sandalwood","",yes,657,2
"OLIDAGO VIRGAUREA","Golden-rod","",yes,1646,8
"ONISCUS ASELLU","Wood-louse","Millepedes",yes,565,4
"ONOSMODIUM VIRGINIANUM","","False Gromwell",yes,2196,9
"OPERCULINA TURPENTHUM","Nishope","",yes,337,3
"OPIUM","Dried Latex of the Poppy","",yes,5426,14
"OPUNTIA FICU","","Prickly Pear",yes,389,0
"OREODAPHNE CALIFORNICA","","California Laurel",yes,791,2
"ORIGANUM MAJORANA","","",yes,464,1
"ORNITHOGALUM UMBELLATUM","","",yes,830,1
"OSMIUM","Osmium","",yes,1222,5
"OSTRYA VIRGINICA","Ironwood","",yes,240,0
"OVI GALLINAE PELLICULA","Membrane of Egg-shell","",yes,779,0
"OVININUM","","Ovarian Extract",yes,305,0
"OXALICUM ACIDUM","","",yes,3247,10
"OXYDENDRON ARBOREUM","","",yes,287,0
"OXYTROPIS LAMBERTI","Loco-weed","",yes,1424,9
"PAEONIA OFFICINALI","Peony","",yes,1250,6
"PALLADIUM METALLICUM","Palladium","",yes,1794,5
"PARAFFINUM","","Purified Paraffin",yes,1830,9
"PAREIRA BRAVA","Virgin-vine","",yes,1089,1
"PARIS QUADRIFOLIA","One-berry","",yes,1841,7
"PARTHENIUM HYSTEROPHORU","Bitter-broom","",yes,610,2
"PASSIFLORA INCARNATA","Passion-flower","",yes,971,3
"PENTHORUM SEDOIDE","","Virginia Stonecrop",yes,828,1
"PERTUSSINUM","Coqueluchin","",yes,317,0
"PETROLEUM","","Crude Rock-oil",yes,4046,16
"PETROSELINUM SATIVUM","Parsley","",yes,564,2
"PHASEOLUS NANU","Dwarf-bean","",yes,642,5
"PHELLANDRIUM AQUATICUM","","Water Dropwort",yes,1204,6
"PHOSPHORICUM ACIDUM","","Phosphoric Acid",yes,4470,20
"PHOSPHORU","Phosphorus","",yes,9577,20
"PHYSALIS ALKEKENGI","Alkekengi","Winter Cherry",yes,1078,6
"PHYSOSTIGMA VENENOSUM","","Calabar Bean",yes,3556,9
"PHYTOLACCA DECANDRA","Poke-root","",yes,4545,16
"PICRICUM ACIDUM","","Picric Acid",yes,2262,8
"PIGELIA ANTHELMIA","Pinkroot","",yes,2745,9
"PINUS SILVESTRI","","",yes,704,2
"PIPER METHYSTICUM","Kava-kava","",yes,1027,4
"PIPER NIGRUM","","Black Pepper",yes,839,6
"PIRAEA ULMARIA","Hardhack","",yes,355,0
"PIRANTHES AUTUMNALI","","Lady's Tresses",yes,657,3
"PITUITARIA GLANDULA","","Pituitary Gland",yes,1060,0
"PIX LIQUIDA","Pine-tar","",yes,691,2
"PLANTAGO MAJOR","Plantain","",yes,1367,7
"PLATANUS OCCIDENTALI","","",yes,291,0
"PLATINUM METALLICUM","Platinum","",yes,2629,11
"PLUMBUM METALLICUM","Lead","",yes,5102,15
"PODOPHYLLINUM","May-apple","",yes,2960,9
"POLYGONUM HYDROPIPEROIDE","Hydropiper","",yes,1234,5
"POLYPORUS PINICOLA","","Pine Agaric",yes,595,1
"PONGIA TOSTA","","Roasted Sponge",yes,3069,14
"POPULUS CANDICAN","Balm of Gilead","",yes,887,2
"POPULUS TREMULOIDE","","American Aspen",yes,627,2
"PRIMULA OBCONICA","Primrose","",yes,1162,3
"PRIMULA VERI","Cowslip","",yes,863,4
"PROPYLAMINUM","","Distilled Herring-brine",yes,675,1
"PRUNUS SPINOSA","Black-thorn","",yes,1965,7
"PSORINUM","","",yes,4305,16
"PTELEA TRIFOLIATA","Wafer-ash","",yes,1404,6
"PULEX IRRITAN","","Common Flea",yes,1184,8
"PULSATILLA PRATENSI","","Wind Flower",yes,7160,19
"PYROGENIUM","","Artificial Sepsin",yes,3751,12
"QUASSIA AMARA","Quassia-wood","",yes,926,3
"QUEBRACHO","Quebracho","Aspidosperma",yes,659,0
"QUERCUS E GLANDIBU","","",yes,971,0
"QUILLA MARITIMA","","",yes,1831,7
"QUILLAYA SAPONARIA","","Chile Soap-bark",yes,422,0
"RADIUM BROMATUM","","Radium Bromide",yes,3601,13
"RANUNCULUS BULBOSU","Buttercup","",yes,2245,4
"RANUNCULUS SCELERATU","","Marsh Buttercup",yes,1105,6
"RAPHANUS SATIVU","","Black Garden Radish",yes,1446,7
"RATANHIA PERUVIANA","Krameria","Mapato",yes,1307,3
"RHAMNUS CALIFORNICA","","California Coffee-tree",yes,1956,9
"RHEUM PALMATUM","Rhubarb","",yes,1026,6
"RHODIUM METALLICUM","Rhodium","",yes,558,0
"RHODODENDRON FERRUGINEUM","","",yes,1888,8
"RHUS AROMATICA","","Fragrant Sumach",yes,448,1
"RHUS GLABRA","","",yes,683,1
"RHUS TOXICODENDRON","Poison-ivy","",yes,7706,21
"RHUS VENENATA","Poison-elder","",yes,921,5
"RICINUS COMMUNI","Castor-oil","Bofareira",yes,967,4
"ROBINIA PSEUDACACIA","","Yellow Locust",yes,1152,3
"ROSA DAMASCENA","","Damask Rose",yes,429,0
"RUMEX CRISPU","","Yellow Dock",yes,2416,4
"RUTA GRAVEOLEN","Rue-bitterwort","",yes,2381,8
"T. N. T.","Symptoms found in munition workers handling T. N. T who inhale and ingest it","",yes,1811,4
"TABACUM","Tobacco","",yes,3759,14
"TACHYS BETONICA","","Betony Wood",yes,394,3
"TANACETUM VULGARE","Tansy","",yes,852,5
"TANNICUM ACIDUM","Tannin","Digallic Acid",yes,393,0
"TANNUM METALLICUM","Tin","",yes,3400,10
"TAPHYSAGRIA","","",yes,3506,12
"TARAXACUM OFFICINALE","Dandelion","",yes,1277,6
"TARENTULA CUBENSI","","Cuban Spider",yes,1268,6
"TARENTULA HISPANICA","","",yes,1490,6
"TARTARICUM ACIDUM","","Tartaric Acid",yes,611,2
"TAXUS BACCATA","Yew","",yes,531,3
"TELLARIA MEDIA","Chickweed","",yes,1275,3
"TELLURIUM METALLICUM","Tellurium","",yes,2129,8
"TEREBINTHINIAE OLEUM","Turpentine","",yes,2666,13
"TEUCRIUM MARUM VERUM","Cat-thyme","",yes,1838,10
"THALLIUM METALLICUM","Thallium","",yes,876,1
"THEA CHINENSI","Tea","",yes,1159,6
"THERIDION CURASSAVICUM","Orange-spider","",yes,1458,8
"THIOSINAMINUM","Chemical Derived from Oil of Mustard-seed","Rhodallin",yes,971,0
"THLASPI BURSA PASTORI","","",yes,1406,5
"THUJA OCCIDENTALI","Arbor vitæ","",yes,5977,16
"THYMOLUM","","Thyme Camphor",yes,1603,3
"THYMUS SERPYLLUM","","Wild Thyme",yes,273,0
"THYROIDINUM","Dried Thyroid Gland of the Sheep","",yes,3968,10
"TICTA PULMONARIA","Lungwort","",yes,2456,7
"TIGMATA MAYDI","Corn-silk","Zea",yes,555,1
"TILIA EUROPAEA","Linden","",yes,1087,4
"TILLINGIA SILVATICA","","Queen's Root",yes,990,5
"TITANIUM METALLICUM","Titanium","",yes,450,0
"TONGO-DIPTERIX ODORATA","","",yes,602,2
"TORULA CEREVISIAE","","",yes,982,5
"TRAMONIUM","Thorn-apple","",yes,2930,13
"TRIBULUS TERRESTRI","Ikshugandha","",yes,545,0
"TRIFOLIUM PRATENSE","","Red Clover",yes,1266,5
"TRILLIUM PENDULUM","","White Beth-root",yes,1576,6
"TRIOSTEUM PERFOLIATUM","Fever-root","",yes,692,4
"TRITICUM REPENS-AGROPYRON REPEN","Couch-Grass","",yes,854,2
"TROMBIDIUM MUSCAE DOMESTICAE","Red acarus of the fly","",yes,415,1
"TRONTIUM CARBONICUM","Carbonate of Strontia","",yes,2388,7
"TROPHANTHUS HISPIDU","Kombe-seed","",yes,2012,8
"TRYCHNINUM PHOSPHORICUM","Phosphate of Strychnin","",yes,863,0
"TRYCHNINUM PURUM","Alkaloid of Nux Vomica","",yes,3944,14
"TRYCHNOS GAULTHERIANA","","Tropical Bind-weed",yes,424,0
"TUBERCULINUM","Nucleo-protein","",yes,8214,11
"TUSSILAGO PETASITE","Butter-burr","",yes,436,2
"UCCINUM","Electron","Amber",yes,668,2
"ULFONALUM","","Coal-tar Product",yes,1522,7
"ULPHUR","","",yes,7682,19
"ULPHUR IODATUM","Iodide of Sulphur","",yes,405,2
"ULPHURICUM ACIDUM","","",yes,2932,11
"ULPHUROSUM ACIDUM","","",yes,746,5
"UMBULUS MOSCHATU","Musk-root","",yes,1148,5
"UPAS TIEUT","Upas-tree","",yes,1072,6
"URANIUM NITRICUM","Nitrate of Uranium","",yes,1451,5
"UREA PURA","Carbamide","",yes,396,0
"URTICA UREN","","",yes,1658,7
"USNEA BARBATA","Tree-moss","",yes,247,1
"USTILAGO MAYDI","Corn-smut","",yes,1592,6
"UVA URSI","Bearberry","",yes,1124,1
"VACCININUM","Nosode - From vaccine matter.","",yes,642,3
"VALERIANA OFFICINALI","Valerian","",yes,1729,11
"VANADIUM METALLICUM","Vanadium","",yes,1061,0
"VANILLA AROMATICA","Vanilla","",yes,489,0
"VARIOLINUM","Lymph from Small-pox Pustule","",yes,736,4
"VERATRUM ALBUM","","White Hellebore",yes,4575,14
"VERATRUM VIRIDE","","White American Hellebore",yes,2849,11
"VERBASCUM THAPSU","Mullein","",yes,1849,7
"VERBENA URTICAEFOLIA","","Blue Vervain",yes,595,0
"VESPA CRABRO","","Live Wasp",yes,1155,4
"VIBURNUM OPULU","","High Cranberry",yes,1830,7
"VINCA MINOR","","Lesser Periwinkle",yes,1055,5
"VIOLA ODORATA","Violet","",yes,2120,6
"VIOLA TRICOLOR","Pansy","",yes,810,5
"VIPERA BERU","","German Viper",yes,1526,3
"VISCUM ALBUM","Mistletoe","",yes,2283,5
"WYETHIA HELENOIDE","Poison-weed","",yes,1497,10
"XANTOXYLUM FRAXINEUM","","Prickly Ash",yes,2292,8
"XEROPHYLLUM","","Tamalpais Lily",yes,2982,17
"YMPHORICARPUS RACEMOSU","","",yes,328,0
"YMPHYTUM OFFICINALE","Comfrey","Knitbone",yes,881,1
"YOHIMBINUM","","Coryanthe Yohimbe",yes,943,4
"YPHILINUM","","",yes,2537,12
"YUCCA FILAMENTOSA","Bear-grass","",yes,642,7
"YZYGIUM JAMBOLANUM","","Jambol Seeds",yes,884,0
"ZINCUM METALLICUM","Zinc","",yes,7297,20
"ZINCUM VALERIANICUM","Valerinate of Zinc","",yes,729,3
"ZINGIBER OFFICINALE","Ginger","",yes,1602,8
"ZIZIA AUREA","","Meadow Parsnip",yes,70320,6
